[
    {
        "idDocumento":"1310479231",
        "tipoDocumento":"Cédula",
        "nombres":"Cristhiam Alberto",
        "apellidos":"Miranda Ganchozo",
        "mail":"cristhiam.miranda@redcode.net",
        "celular":"0987654321",
        "convecional":"022345678",
        "ruc":"1310479231001",
        "direccion":"San Fernando",
        "documento_escaneado":"",
        "localidad":"Quito",
        "tipoPersona":"Persona Natural",
        "razonSocial":"REDCODE",
        "diasCredito":"30",
        "nombreUsuario":"1310479231",
        "contrasenia":"1310479231",
        "estado":"true"
    },
    {
        "idDocumento":"1234567890",
        "tipoDocumento":"Cédula",
        "nombres":"Marcos Javier",
        "apellidos":"Vera Cedeño",
        "mail":"marcos.vera@redcode.net",
        "celular":"0987654321",
        "convecional":"022345678",
        "ruc":"1234567890001",
        "direccion":"San Fernando",
        "documento_escaneado":"",
        "localidad":"Quito",
        "tipoPersona":"Persona Natural",
        "razonSocial":"REDCODE",
        "diasCredito":"30",
        "nombreUsuario":"1234567890",
        "contrasenia":"1234567890",
        "estado":"true"
    },
    {
        "idDocumento":"1310603233",
        "tipoDocumento":"Cédula",
        "nombres":"Cristhiam Alberto",
        "apellidos":"Miranda Ganchozo",
        "mail":"cristhiam.miranda@redcode.net",
        "celular":"0987654321",
        "convecional":"022345678",
        "ruc":"1310603233001",
        "direccion":"San Fernando",
        "documento_escaneado":"",
        "localidad":"Quito",
        "tipoPersona":"Persona Natural",
        "razonSocial":"REDCODE",
        "diasCredito":"30",
        "nombreUsuario":"1310603233",
        "contrasenia":"1310603233",
        "estado":"true"
    }
    
]