[
    {
        "idDocumento":"1310479231",
        "tipoDocumento":"Ruc",
        "nombres":"Alberto",
        "apellidos":"Miranda",
        "mail":"alberto.miranda@redcode.net",
        "celular":"0987654321",
        "convecional":"023456789",
        "ruc":"1310479231001",
        "direccion":"San Carlos",
        "documentoEscaneado":"",
        "tipoLicencia":"B",
        "licenciaEscaneada":"",
        "recordPolicialEscaneado":"",
        "matriculaEscaneada":"",
        "modelo":"Zusuki",
        "anio":"2000",
        "placa":"PCH-9874",
        "fechaCaducidad":"01/01/2040",
        "numeroPoliza":"123ABC123",
        "fechaCaducidadPoliza":"01/01/2020",
        "localidad":"Guayaquil",
        "diasCredito":"30",
        "nombreUsuario":"1310479231",
        "contrasenia":"1310479231",
        "estado":"true"
    },
    {
        "idDocumento":"1717274847",
        "tipoDocumento":"Ruc",
        "nombres":"Gabriel",
        "apellidos":"Frias",
        "mail":"gfrias@redcode.net",
        "celular":"0987654321",
        "convecional":"023456789",
        "ruc":"1717274847001",
        "direccion":"Vicentina",
        "documentoEscaneado":"",
        "tipoLicencia":"A",
        "licenciaEscaneada":"",
        "recordPolicialEscaneado":"",
        "matriculaEscaneada":"",
        "modelo":"Chevrolet",
        "anio":"2014",
        "placa":"TBB-9874",
        "fechaCaducidad":"01/01/2030",
        "numeroPoliza":"ABC876ACB",
        "fechaCaducidadPoliza":"01/01/2010",
        "localidad":"Cuenca",
        "diasCredito":"60",
        "nombreUsuario":"1717274847",
        "contrasenia":"1717274847",
        "estado":"true"
    },
    {
        "idDocumento":"1310606061",
        "tipoDocumento":"Ruc",
        "nombres":"Eduardo",
        "apellidos":"Gonzabay",
        "mail":"eduardo.gonzabay@redcode.net",
        "celular":"0987654321",
        "convecional":"023456789",
        "ruc":"1310606061001",
        "direccion":"Quitumbe",
        "documentoEscaneado":"",
        "tipoLicencia":"C",
        "licenciaEscaneada":"",
        "recordPolicialEscaneado":"",
        "matriculaEscaneada":"",
        "modelo":"FORD",
        "anio":"2015",
        "placa":"MCS-9874",
        "fechaCaducidad":"01/01/2040",
        "numeroPoliza":"12345ABC54321",
        "fechaCaducidadPoliza":"01/01/2020",
        "localidad":"Quito",
        "diasCredito":"30",
        "nombreUsuario":"1310606061",
        "contrasenia":"1310606061",
        "estado":"true"
    }
]